published,cve,cve_url,app,platform,summary,store,package_or_bundle_id,store_url,store_version,current_version,affected_versions,developer,match_confidence,needs_review
2026-10-01,CVE-2026-102670,https://nvd.nist.gov/vuln/detail/CVE-2026-102670,Joyland.ai,android,Attacker can intercept unencrypted traffic in Joyland.ai app.,Google Play,com.joyland.ai,https://play.google.com/store/apps/details?id=com.joyland.ai,2.0.2,unknown,,MINDZEN AI,high,developer site not in CVE references
2026-10-01,CVE-2026-93832,https://nvd.nist.gov/vuln/detail/CVE-2026-93832,Setup App,,Attacker can revoke runtime permissions from other apps via Motorola Setup App.,,,,,no store match,,,,
2026-10-02,CVE-2026-103096,https://nvd.nist.gov/vuln/detail/CVE-2026-103096,GV-Eye,android,Attacker extracts hardcoded API key from GV-Eye app package.,Google Play,tw.com.geovision.gveye,https://play.google.com/store/apps/details?id=tw.com.geovision.gveye,3.7.1,affected,>= V3.6.0 < V3.7.2,Geovision Inc.,high,
2026-10-02,CVE-2026-103097,https://nvd.nist.gov/vuln/detail/CVE-2026-103097,GV-Eye,android,Attacker extracts hardcoded API key from GV-Eye app package.,Google Play,tw.com.geovision.gveye,https://play.google.com/store/apps/details?id=tw.com.geovision.gveye,3.7.1,affected,>= V3.6.0 < V3.7.2,Geovision Inc.,high,
2026-10-02,CVE-2026-103098,https://nvd.nist.gov/vuln/detail/CVE-2026-103098,GV-Eye,android,Attacker intercepts sensitive key sent over unencrypted HTTP in GV-Eye.,Google Play,tw.com.geovision.gveye,https://play.google.com/store/apps/details?id=tw.com.geovision.gveye,3.7.1,affected,>= V3.6.0 < V3.7.2,Geovision Inc.,high,
2026-10-06,CVE-2026-106400,https://nvd.nist.gov/vuln/detail/CVE-2026-106400,Messages,android,Remote attacker can spoof UI elements in Messages via crafted HTML page.,Google Play,com.android.chrome,https://play.google.com/store/apps/details?id=com.android.chrome,Varies with device,unknown,< 155.0.8059.39,Google LLC,high,developer site not in CVE references
2026-10-06,CVE-2026-79797,https://nvd.nist.gov/vuln/detail/CVE-2026-79797,HPE Networking ClearPass Policy Manager,android,Unauthenticated attackers can invoke app functions to steal sensitive user data.,Google Play,com.hpe.quickconnect.android,https://play.google.com/store/apps/details?id=com.hpe.quickconnect.android,1.0.8,affected,<= 6.14.0,Hewlett Packard Enterprise Company,high,unstable match (alt: com.hpe.cloudauth)
2026-10-06,CVE-2026-79797,https://nvd.nist.gov/vuln/detail/CVE-2026-79797,HPE Networking ClearPass Policy Manager,android,Unauthenticated attackers can invoke app functions to steal sensitive user data.,Google Play,com.hpe.quickconnect.android,https://play.google.com/store/apps/details?id=com.hpe.quickconnect.android,1.0.8,affected,<= 6.11.15,Hewlett Packard Enterprise Company,high,
2026-10-06,CVE-2026-82988,https://nvd.nist.gov/vuln/detail/CVE-2026-82988,vCast,,Remote attacker installs malicious APK via unauthenticated vCast download endpoint.,,,,,no store match,,,,
2026-10-06,CVE-2026-85153,https://nvd.nist.gov/vuln/detail/CVE-2026-85153,Schmooze,,Attacker extracts hardcoded keys from the app to access backend resources and forge requests.,,,,,store lookup failed,,,,
2026-10-07,CVE-2026-101886,https://nvd.nist.gov/vuln/detail/CVE-2026-101886,Cisco Jabber,android,Malicious app writes attacker-controlled files into Cisco Jabber's private data directory.,Google Play,com.cisco.im,https://play.google.com/store/apps/details?id=com.cisco.im,15.3.1.311364,unknown,>= 0 < 15.3.1.311364,"Cisco Systems, Inc.",high,version formats differ
